minutes,timesteps,avg_gates,best_gates,mean_reward,ends
0.98,100002,2.34,18,49.48,"gate 63%, time 17%, missed 13%, pillar 4%"
1.89,200004,10.78,43,220.73,"gate 80%, pillar 10%, time 6%, finished 3%"
2.67,300000,20.14,54,352.63,"gate 64%, pillar 19%, time 9%, finished 6%"
3.41,400002,27.56,72,445.99,"gate 68%, pillar 19%, finished 6%, time 5%"
4.15,500004,32.87,85,558.61,"gate 67%, pillar 13%, finished 8%, time_limit 7%"
4.86,600000,38.08,97,543.37,"gate 63%, pillar 17%, finished 13%, time_limit 6%"
5.54,700002,41.34,107,683.91,"gate 62%, time_limit 14%, pillar 12%, finished 11%"
6.19,800004,43.1,107,550.84,"gate 67%, finished 12%, time_limit 8%, pillar 8%"
6.79,900000,39.48,111,520.22,"gate 76%, finished 10%, pillar 6%, time_limit 4%"
7.38,1000002,39.85,112,642.05,"gate 65%, finished 17%, time_limit 12%, pillar 6%"
8.0,1100004,42.01,112,648.8,"gate 77%, finished 9%, time_limit 9%, pillar 5%"
8.6,1200000,41.06,119,617.55,"gate 68%, finished 13%, time_limit 12%, pillar 5%"
9.19,1300002,38.9,119,579.96,"gate 69%, finished 12%, time_limit 10%, pillar 9%"
9.79,1400004,39.81,127,590.73,"gate 65%, finished 14%, time_limit 12%, pillar 5%"
10.39,1500000,44.3,127,726.32,"gate 65%, finished 14%, time_limit 11%, pillar 9%"
10.98,1600002,45.35,128,617.35,"gate 61%, pillar 15%, finished 14%, time_limit 8%"
11.56,1700004,45.47,128,715.8,"gate 66%, time_limit 13%, finished 13%, pillar 8%"
12.13,1800000,45.49,129,704.06,"gate 66%, time_limit 14%, finished 12%, pillar 8%"
12.72,1900002,41.69,129,567.92,"gate 74%, finished 11%, pillar 9%, time_limit 4%"
13.3,2000004,39.67,129,612.42,"gate 74%, finished 15%, pillar 7%, time_limit 4%"
13.88,2100000,41.19,131,627.47,"gate 65%, pillar 17%, finished 9%, time_limit 6%"
14.46,2200002,42.25,131,618.48,"gate 75%, pillar 11%, finished 11%, time_limit 3%"
15.03,2300004,40.05,138,573.88,"gate 76%, pillar 11%, finished 10%, time_limit 2%"
15.6,2400000,40.87,138,612.31,"gate 70%, finished 13%, time_limit 7%, pillar 7%"
16.2,2500002,44.9,135,691.19,"gate 61%, pillar 17%, finished 12%, time_limit 8%"
16.78,2600004,45.97,133,641.99,"gate 65%, finished 14%, pillar 14%, time_limit 6%"
17.61,2700000,42.07,139,587.61,"gate 66%, pillar 16%, finished 12%, time_limit 4%"
18.25,2800002,43.86,139,706.63,"gate 68%, pillar 17%, finished 10%, time_limit 3%"
18.89,2900004,45.53,130,651.49,"gate 74%, finished 13%, pillar 9%, time_limit 3%"
19.45,3000000,45.41,138,731.39,"gate 63%, finished 16%, pillar 12%, time_limit 7%"
